id;Исходное наименование должности
1;Кровельщик по стальным кровлям
2;Инженер по качеству 5 разряда
3;Мастер строительных и монтажных работ 1 категории
4;БУЛЬДОЗЕРИСТ 6 РАЗРЯДА
5;Машинист бетоононасоса
6;Фрезеровщик 4 разряда
7;Маш. катка
8;Лаборант строительной лаборатории (осн.)
9;Маляр троительный
10;Землеекоп 3 разряда
11;Бетонщик
12;Слесарь-ремонтник
13;Инженер по качеству (вахта)
14;Лаборант строительной лаборатории 1 категории
15;  Инженер-геоедзист 
16;Маш. бетноонасоса
17;Сварщик арматурных сеток и каркасов (осн.)
18;Каенщик
19;Машинист беононасоса 2 категории
20;Плотник 5 разряда
21;Инжеенр по качеству 1 категории
22;  МАШИНИСТ ГУСЕНИЧНОГО КРАНА 
23;Слесарь по сборке металлоконстр.
24;Маш. крнаа автомобильного
25;Механик строит. машин
26;"Нач. участка АО ""МостСтрой"""
27;Газоорезчик
28;Рабочий подсобный
29;Машинист буровой установки
30;МАШ. БАШЕННОГО КРАНА 2 КАТЕГОРИИ
31;Арматурщик
32;Электромонтажник по силовым сетям 1 категории
33;ПЛОТНИК
34;монтажник электрических подъемников
35;"ПЛОТНИК ООО ""СТРОЙМОНТАЖ"""
36;Токарь (совм.)
37;Машинист автокрана
38;МАСТЕР СТРОЙУАСТКА
39;Сварщик ЭГС
40;  Газорезчик 
41;Бурильщик механического бурения
42;Токкарь 6 разряда
43;Фрезеровщик
44;Инженер-геодезист 1 категории
45;Проходчик
46;Прораб (производитель работ)
47;Бурильщик ручного бурения
48;Инженер по охране труда 6 разряда
49;Агроом
50;Бурильщик мех. бурения
51;Маш. гсеничного крана
52;Бухгалтер материального стола
53;Сварщик арматурных сеток и каркасов 1 категории
54;"ИЗОЛИОВЩИК НА ТЕРМОИЗОЛЯЦИИ АО ""МОСТСТРОЙ"""
55;"монтажник электрических подъемников ао ""мостстрой"""
56;  Проходчик 
57;Инженер по качеству
58;  Прораб (производитель работ) 
59;Землекоп
60;Машинист крана автомоб.
61;подсобный рабочий
62;токарь 6 разряда
63;Машинист гусеничного крана
64;Машинист буровой установки
65;ИНЖЕНЕР ПО КАЧЕСТВУ
66;Специалист отдела кадров
67;КРОВЕЛЬЩИК ПО СТАЛЬНЫМ КРОЛВЯМ
68;Лаборант строительной лаборатории
69;  сварщик эгс 
70;Изолировщик на термоизоляции
71;Такелажник
72;Оператор автокрана
73;Облицовщик-плиточник
74;  Монтажник по монтажу стальных и железобетонных конструкций 
75;Каменщик
76;Машинистт башенного крана
77;Бетонщик
78;Землекоп
79;Арматурщик
80;"ШУТКАТУР ООО ""СТРОЙМОНТАЖ"""
81;  водитель автомобиля 
82;Токрь 1 категории
83;Электрогазосварщик (осн.)
84;Охранник
85;Монтажник электричексих подъемников 6 разряда
86;Инженер-геодезист
87;Водитель автомобиля 2 категории
88;ИЗОЛИРОВЩИК НА ТЕРМОИЗОЛЯЦИИ
89;Нач. чуастка
90;Машинист буровой устаонвки
91;плотник (осн.)
92;Бурильщик рунчого бурения
93;Машинист экскаватора (осн.)
94;Инженер ПТО
95;Шткуатур
96;Машинист крана башенного
97;Инженер ПТО
98;БЕТОНЩИК 4 РАЗРЯДА
99;"Рабочий пособный ООО ""СтройМонтаж"""
100;Прораб 5 разряда
101;Машинист гусеничного крана
102;Инженер-геодезист 2 категории
103;Водитель самосвала
104;Монтажник электрических подъемников
105;Инженер-геодезист (осн.)
106;инженер-геодезист
107;Арматурщик
108;Машинист булдьозера
109;Землекоп
110;ВОДИТЕЛЬ АВТОМОБИЛЯ
111;  Машинист башенного крана 
112;Маш. катка
113;Переводчик
114;Проходчик 2 категории
115;  Смметчик 
116;Бурильщик руч. бурения
117;Повар столовой
118;  Водитель самосвала 
119;Эл.газосврщик 2 категории
120;Кровельщик по стальным кровлям
121;Арматурщик (вахта)
122;Дефектоскопист
123;Произвдоитель работ
124;Сварщик арматрных сеток и каркасов
125;АРМАТУРЩИК
126;Делопроизводитель
127;"операттор экскаватора ооо ""строймонтаж"""
128;Инженер по каачеству 6 разряда
129;  Дефектоскопист 
130;"Газорезчик ООО ""СтройМонтаж"""
131;Мастер строительных и монтажных работ 2 категории
132;Электромонтажнк по силовым сетям
133;Лаборант строительной лаборатории
134;изолировщик на гидроизоляции
135;Слесарь-реомнтник
136;Маркетолог
137;Бульдоззерист
138;Такелажник 6 разряда
139;Машинист крана башенного 5 разряда
140;ТАКЕЛАЖНИК 1 КАТЕГОРИИ
141;"Машинист буровой установки АО ""МостСтрой"""
142;Машинист башенного крана
143;Дефектоскопист
144;Каменщик (вахта)
145;Дооржный рабочий
146;АРМАТУРЩИК
147;Диспетче автотранспорта
148;монтажник по монтажу стальных и железобетонных конструкций (совм.)
149;  Стропальщик 
150;Газорезик 5 разряда
151;"Сварщик арматруных сеток и каркасов ООО ""СтройМонтаж"""
152;Монтажник электрических подъемников
153;Машинист компрессорных установок
154;Слесарь-ремонтник
155;Такеажник (совм.)
156;Разнорабочий
157;"Бурильщик мех. бурения ООО ""СтройМонтаж"""
158;Токарь (совм.)
159;ШОФЕР САМОСВАЛА 3 РАЗРЯДА
160;Маляр строительный
161;Слесарь-ремонтник (осн.)
162;БУЛЬДОЗЕРИСТ (ОСН.)
163;Монтажник технолог. трубопроводов 3 разряда
164;Системный администратор 2 категории
165;Маш. гусеничного крана 3 разряда
166;ОПЕРАТОР АВТОКРАНА
167;Электромонтажник по силовым сетям
168;Кровельщик по рулонным кровлям (совм.)
169;Геодезист
170;Машинст башенного крана
171;"Газорезчик ООО ""СтройМонтаж"""
172;Бетонщик
173;Казначей
174;Монтажник санитарно-технических систем
175;Бурильщик мех. бурения 4 разряда
176;ШОФЕР САМОСВАЛА
177;КУРЬЕР 4 РАЗРЯДА
178;Бульдозерист 3 разряда
179;Лаборант строительной лаборатории 1 категории
180;Столяр строит. 4 разряда
181;Дорожынй рабочий 5 разряда
182;"столяр строит. ооо ""строймонтаж"""
183;инжнеер-геодезист
184;Облицовщик-плиточник
185;Инженер по качеству 3 разряда
186;Электрогазосварщик (вахта)
187;Маш. автогрейдера 6 разряда
188;ШТКУАТУР
189;Землекоп 1 категории
190;Облицовщик-плиточник
191;Менеджер по продажам
192;"Машинист крана башенного ООО ""СтройМонтаж"""
193;  Программист 1С 2 категории 
194;Тоокарь
195;Штукатур
196;ТОКАРЬ
197;ИНЖЕНЕР-ГЕОДЕЗИСТ
198;Дорожный рабочий
199;ДОРОЖНЫЙ РАБОЧИЙ
200;  Изоилровщик на термоизоляции 
201;Машинист бетононасоса 6 разряда
202;  Деектоскопист 
203;ИНЖЕНЕР ПО КАЧЕСТВУ 5 РАЗРЯДА
204;Монтажник сантех. систем
205;Инженер-геодезист
206;ВОДИТЕЛЬ АВТОМОБИЛЯ (ВАХТА)
207;Маш. автогрейдера
208;Стропальщик (вахта)
209;  Сварщик арматурных сеток и каркасов 
210;Водитель автомобиля
211;Сметичк
212;Слесарь по сборке металлоконструкций
213;Пдособный рабочий 3 разряда
214;Газорезчик
215;  ИНЖЕНЕР ПО ОХАНЕ ТРУДА 
216;Электромонтажник по силовым сетям 6 разряда
217;МАШИНИСТ БАШЕННОГО КРАНА
218;"Сварщик ЭГС ООО ""СтройМонтаж"""
219;Изолировщик на гидроизоляции
220;Маляр стротиельный 5 разряда
221;Сварщик ЭГС 5 разряда
222;  Машинист автогрейдера 4 разряда 
223;облицовщик-плиточник
224;КРОВЕЛЬЩИК ПО РУЛОННЫМ КРОВЛЯМ
225;Экономист планового отдела
226;"Машинист автогрейдера ООО ""СтройМонтаж"""
227;ЛАБОРАНТ СТРОИТЕЛЬНОЙ ЛАБОРАТОРИИ
228;Кровельщик по рулонным кровлям
229;Бурильщк руч. бурения (вахта)
230;Машинист бетононасоса (вахта)
231;Машинист крана автомобильного 3 разряда
232;Машинист бетононасоса (вахта)
233;ТАКЕЛАЖНИК 5 РАЗРЯДА
234;Монтажник по монтажу стальных и железобетонных конструкций
235;слесарь-ремонтник 1 категории
236;Инженер по качеству 2 категории
237;  Пораб 1 категории 
238;Инженер по охране труда
239;Машинист автокрана
240;Изолировщик на термоизоляици 1 категории
241;Фельдшер здравпункта
242;  Инженер по качеству 
243;Прораб (производитель работ) (совм.)
244;Монтажник по монтажу стальных и железобетонных констр. 2 категории
245;Маш. крана автомобильного
246;Машинит компрессорных установок
247;лабоант строительной лаборатории 2 категории
248;токарь
249;  ЭЛ.ГАЗОСВАРЩИК 
250;Водитель автомобиля
251;Машинист гусеничного крана
252;  ВОДИТЕЛЬ САМОСВАЛА 
253;Кровельщик по рулонным кровлям
254;Штукаутр
255;Дефектоскопист
256;Кладощвик центрального склада
257;"аратурщик ао ""мостстрой"""
258;ОБИЛЦОВЩИК-ПЛИТОЧНИК
259;СЛЕСАРЬ-РЕМОНТТНИК
260;  дорожный рабоччий 4 разряда 
261;  Монтажник электрических подъемников 
262;"крановщик автокрана ао ""мостстрой"""
263;"Электромонтажник по силовым сетям АО ""МостСтрой"""
264;Подсобный рабочий
265;Специалист по сметам 4 разряда
266;Машинист бетононасоса
267;Стропальищк 1 категории
268;Крановщик башенного крана
269;электрогазсоварщик 6 разряда
270;Штукатур
271;кровельщик по стальным кровлям
272;Газроезчик
273;Облицовщик-плиточник
274;"Каменщик АО ""МостСтрой"""
275;Монтажник по монтажу стальных и железобетонных констр.
276;психолог
277;Юрисконсульт
278;"сварщик арматурных сеток и каркасов ооо ""строймонтаж"""
279;  Прораб (производитель работ) 
280;Слесарь-ремонник (совм.)
281;Машинист автокрана
282;Изолировщик на термоизоляции
283;Каменщик (осн.)
284;ТАКЕЛАЖНИК
285;Монтажник технологических трубопровоов (совм.)
286;ЭЛЕКТРОГАЗОВАРЩИК (СОВМ.)
287;Водтиель автомобиля
288;Изолировщик на гидроизоляции
289;Механик строит. машин
290;Облицовщик-плиточник
291;Масетр строит. и монтажных работ 5 разряда
292;Токарь 6 разряда
293;Фрзееровщик 6 разряда
294;СТРОПАЛЬЩИК
295;МАШ. ЭКСКААТОРА
296;Уборщик служебных помещений
297;Монтажник санитарно-технических систем
298;Кровельищк по рулонным кровлям
299;ИНЖЕНЕ РПО ОХРАНЕ ТРУДА (ОСН.)
300;Плотник
